file,method,line
source/org/jfree/data/DefaultKeyedValues.java,,1
source/org/jfree/data/DefaultKeyedValues.java,,2
source/org/jfree/data/DefaultKeyedValues.java,,3
source/org/jfree/data/DefaultKeyedValues.java,,4
source/org/jfree/data/DefaultKeyedValues.java,,5
source/org/jfree/data/DefaultKeyedValues.java,,6
source/org/jfree/data/DefaultKeyedValues.java,,7
source/org/jfree/data/DefaultKeyedValues.java,,8
source/org/jfree/data/DefaultKeyedValues.java,,9
source/org/jfree/data/DefaultKeyedValues.java,,10
source/org/jfree/data/DefaultKeyedValues.java,,11
source/org/jfree/data/DefaultKeyedValues.java,,12
source/org/jfree/data/DefaultKeyedValues.java,,13
source/org/jfree/data/DefaultKeyedValues.java,,14
source/org/jfree/data/DefaultKeyedValues.java,,15
source/org/jfree/data/DefaultKeyedValues.java,,16
source/org/jfree/data/DefaultKeyedValues.java,,17
source/org/jfree/data/DefaultKeyedValues.java,,18
source/org/jfree/data/DefaultKeyedValues.java,,19
source/org/jfree/data/DefaultKeyedValues.java,,20
source/org/jfree/data/DefaultKeyedValues.java,,21
source/org/jfree/data/DefaultKeyedValues.java,,22
source/org/jfree/data/DefaultKeyedValues.java,,23
source/org/jfree/data/DefaultKeyedValues.java,,24
source/org/jfree/data/DefaultKeyedValues.java,,25
source/org/jfree/data/DefaultKeyedValues.java,,26
source/org/jfree/data/DefaultKeyedValues.java,,27
source/org/jfree/data/DefaultKeyedValues.java,,28
source/org/jfree/data/DefaultKeyedValues.java,,29
source/org/jfree/data/DefaultKeyedValues.java,,30
source/org/jfree/data/DefaultKeyedValues.java,,31
source/org/jfree/data/DefaultKeyedValues.java,,32
source/org/jfree/data/DefaultKeyedValues.java,,33
source/org/jfree/data/DefaultKeyedValues.java,,34
source/org/jfree/data/DefaultKeyedValues.java,,35
source/org/jfree/data/DefaultKeyedValues.java,,36
source/org/jfree/data/DefaultKeyedValues.java,,37
source/org/jfree/data/DefaultKeyedValues.java,,38
source/org/jfree/data/DefaultKeyedValues.java,,39
source/org/jfree/data/DefaultKeyedValues.java,,40
source/org/jfree/data/DefaultKeyedValues.java,,41
source/org/jfree/data/DefaultKeyedValues.java,,42
source/org/jfree/data/DefaultKeyedValues.java,,43
source/org/jfree/data/DefaultKeyedValues.java,,44
source/org/jfree/data/DefaultKeyedValues.java,,45
source/org/jfree/data/DefaultKeyedValues.java,,46
source/org/jfree/data/DefaultKeyedValues.java,,47
source/org/jfree/data/DefaultKeyedValues.java,,48
source/org/jfree/data/DefaultKeyedValues.java,,49
source/org/jfree/data/DefaultKeyedValues.java,,50
source/org/jfree/data/DefaultKeyedValues.java,,51
source/org/jfree/data/DefaultKeyedValues.java,,52
source/org/jfree/data/DefaultKeyedValues.java,,53
source/org/jfree/data/DefaultKeyedValues.java,,54
source/org/jfree/data/DefaultKeyedValues.java,,55
source/org/jfree/data/DefaultKeyedValues.java,,56
source/org/jfree/data/DefaultKeyedValues.java,,57
source/org/jfree/data/DefaultKeyedValues.java,,58
source/org/jfree/data/DefaultKeyedValues.java,,59
source/org/jfree/data/DefaultKeyedValues.java,,60
source/org/jfree/data/DefaultKeyedValues.java,,61
source/org/jfree/data/DefaultKeyedValues.java,,62
source/org/jfree/data/DefaultKeyedValues.java,,63
source/org/jfree/data/DefaultKeyedValues.java,,64
source/org/jfree/data/DefaultKeyedValues.java,,65
source/org/jfree/data/DefaultKeyedValues.java,,66
source/org/jfree/data/DefaultKeyedValues.java,,67
source/org/jfree/data/DefaultKeyedValues.java,,68
source/org/jfree/data/DefaultKeyedValues.java,,69
source/org/jfree/data/DefaultKeyedValues.java,,70
source/org/jfree/data/DefaultKeyedValues.java,,71
source/org/jfree/data/DefaultKeyedValues.java,,72
source/org/jfree/data/DefaultKeyedValues.java,,73
source/org/jfree/data/DefaultKeyedValues.java,,74
source/org/jfree/data/DefaultKeyedValues.java,,75
source/org/jfree/data/DefaultKeyedValues.java,,76
source/org/jfree/data/DefaultKeyedValues.java,,77
source/org/jfree/data/DefaultKeyedValues.java,,78
source/org/jfree/data/DefaultKeyedValues.java,,79
source/org/jfree/data/DefaultKeyedValues.java,,80
source/org/jfree/data/DefaultKeyedValues.java,,81
source/org/jfree/data/DefaultKeyedValues.java,,82
source/org/jfree/data/DefaultKeyedValues.java,,83
source/org/jfree/data/DefaultKeyedValues.java,,84
source/org/jfree/data/DefaultKeyedValues.java,,85
source/org/jfree/data/DefaultKeyedValues.java,,86
source/org/jfree/data/DefaultKeyedValues.java,,87
source/org/jfree/data/DefaultKeyedValues.java,,88
source/org/jfree/data/DefaultKeyedValues.java,,89
source/org/jfree/data/DefaultKeyedValues.java,,90
source/org/jfree/data/DefaultKeyedValues.java,,91
source/org/jfree/data/DefaultKeyedValues.java,,92
source/org/jfree/data/DefaultKeyedValues.java,DefaultKeyedValues,93
source/org/jfree/data/DefaultKeyedValues.java,DefaultKeyedValues,94
source/org/jfree/data/DefaultKeyedValues.java,DefaultKeyedValues,95
source/org/jfree/data/DefaultKeyedValues.java,DefaultKeyedValues,96
source/org/jfree/data/DefaultKeyedValues.java,DefaultKeyedValues,97
source/org/jfree/data/DefaultKeyedValues.java,,98
source/org/jfree/data/DefaultKeyedValues.java,,99
source/org/jfree/data/DefaultKeyedValues.java,,100
source/org/jfree/data/DefaultKeyedValues.java,,101
source/org/jfree/data/DefaultKeyedValues.java,,102
source/org/jfree/data/DefaultKeyedValues.java,,103
source/org/jfree/data/DefaultKeyedValues.java,getItemCount,104
source/org/jfree/data/DefaultKeyedValues.java,getItemCount,105
source/org/jfree/data/DefaultKeyedValues.java,getItemCount,106
source/org/jfree/data/DefaultKeyedValues.java,,107
source/org/jfree/data/DefaultKeyedValues.java,,108
source/org/jfree/data/DefaultKeyedValues.java,,109
source/org/jfree/data/DefaultKeyedValues.java,,110
source/org/jfree/data/DefaultKeyedValues.java,,111
source/org/jfree/data/DefaultKeyedValues.java,,112
source/org/jfree/data/DefaultKeyedValues.java,,113
source/org/jfree/data/DefaultKeyedValues.java,,114
source/org/jfree/data/DefaultKeyedValues.java,,115
source/org/jfree/data/DefaultKeyedValues.java,,116
source/org/jfree/data/DefaultKeyedValues.java,getValue,117
source/org/jfree/data/DefaultKeyedValues.java,getValue,118
source/org/jfree/data/DefaultKeyedValues.java,getValue,119
source/org/jfree/data/DefaultKeyedValues.java,,120
source/org/jfree/data/DefaultKeyedValues.java,,121
source/org/jfree/data/DefaultKeyedValues.java,,122
source/org/jfree/data/DefaultKeyedValues.java,,123
source/org/jfree/data/DefaultKeyedValues.java,,124
source/org/jfree/data/DefaultKeyedValues.java,,125
source/org/jfree/data/DefaultKeyedValues.java,,126
source/org/jfree/data/DefaultKeyedValues.java,,127
source/org/jfree/data/DefaultKeyedValues.java,,128
source/org/jfree/data/DefaultKeyedValues.java,,129
source/org/jfree/data/DefaultKeyedValues.java,getKey,130
source/org/jfree/data/DefaultKeyedValues.java,getKey,131
source/org/jfree/data/DefaultKeyedValues.java,getKey,132
source/org/jfree/data/DefaultKeyedValues.java,,133
source/org/jfree/data/DefaultKeyedValues.java,,134
source/org/jfree/data/DefaultKeyedValues.java,,135
source/org/jfree/data/DefaultKeyedValues.java,,136
source/org/jfree/data/DefaultKeyedValues.java,,137
source/org/jfree/data/DefaultKeyedValues.java,,138
source/org/jfree/data/DefaultKeyedValues.java,,139
source/org/jfree/data/DefaultKeyedValues.java,,140
source/org/jfree/data/DefaultKeyedValues.java,,141
source/org/jfree/data/DefaultKeyedValues.java,,142
source/org/jfree/data/DefaultKeyedValues.java,,143
source/org/jfree/data/DefaultKeyedValues.java,getIndex,144
source/org/jfree/data/DefaultKeyedValues.java,getIndex,145
source/org/jfree/data/DefaultKeyedValues.java,getIndex,146
source/org/jfree/data/DefaultKeyedValues.java,getIndex,147
source/org/jfree/data/DefaultKeyedValues.java,getIndex,148
source/org/jfree/data/DefaultKeyedValues.java,getIndex,149
source/org/jfree/data/DefaultKeyedValues.java,getIndex,150
source/org/jfree/data/DefaultKeyedValues.java,getIndex,151
source/org/jfree/data/DefaultKeyedValues.java,getIndex,152
source/org/jfree/data/DefaultKeyedValues.java,getIndex,153
source/org/jfree/data/DefaultKeyedValues.java,getIndex,154
source/org/jfree/data/DefaultKeyedValues.java,,155
source/org/jfree/data/DefaultKeyedValues.java,,156
source/org/jfree/data/DefaultKeyedValues.java,,157
source/org/jfree/data/DefaultKeyedValues.java,,158
source/org/jfree/data/DefaultKeyedValues.java,,159
source/org/jfree/data/DefaultKeyedValues.java,,160
source/org/jfree/data/DefaultKeyedValues.java,getKeys,161
source/org/jfree/data/DefaultKeyedValues.java,getKeys,162
source/org/jfree/data/DefaultKeyedValues.java,getKeys,163
source/org/jfree/data/DefaultKeyedValues.java,,164
source/org/jfree/data/DefaultKeyedValues.java,,165
source/org/jfree/data/DefaultKeyedValues.java,,166
source/org/jfree/data/DefaultKeyedValues.java,,167
source/org/jfree/data/DefaultKeyedValues.java,,168
source/org/jfree/data/DefaultKeyedValues.java,,169
source/org/jfree/data/DefaultKeyedValues.java,,170
source/org/jfree/data/DefaultKeyedValues.java,,171
source/org/jfree/data/DefaultKeyedValues.java,,172
source/org/jfree/data/DefaultKeyedValues.java,,173
source/org/jfree/data/DefaultKeyedValues.java,,174
source/org/jfree/data/DefaultKeyedValues.java,,175
source/org/jfree/data/DefaultKeyedValues.java,getValue,176
source/org/jfree/data/DefaultKeyedValues.java,getValue,177
source/org/jfree/data/DefaultKeyedValues.java,getValue,178
source/org/jfree/data/DefaultKeyedValues.java,getValue,179
source/org/jfree/data/DefaultKeyedValues.java,getValue,180
source/org/jfree/data/DefaultKeyedValues.java,getValue,181
source/org/jfree/data/DefaultKeyedValues.java,getValue,182
source/org/jfree/data/DefaultKeyedValues.java,,183
source/org/jfree/data/DefaultKeyedValues.java,,184
source/org/jfree/data/DefaultKeyedValues.java,,185
source/org/jfree/data/DefaultKeyedValues.java,,186
source/org/jfree/data/DefaultKeyedValues.java,,187
source/org/jfree/data/DefaultKeyedValues.java,,188
source/org/jfree/data/DefaultKeyedValues.java,,189
source/org/jfree/data/DefaultKeyedValues.java,,190
source/org/jfree/data/DefaultKeyedValues.java,,191
source/org/jfree/data/DefaultKeyedValues.java,addValue,192
source/org/jfree/data/DefaultKeyedValues.java,addValue,193
source/org/jfree/data/DefaultKeyedValues.java,addValue,194
source/org/jfree/data/DefaultKeyedValues.java,,195
source/org/jfree/data/DefaultKeyedValues.java,,196
source/org/jfree/data/DefaultKeyedValues.java,,197
source/org/jfree/data/DefaultKeyedValues.java,,198
source/org/jfree/data/DefaultKeyedValues.java,,199
source/org/jfree/data/DefaultKeyedValues.java,,200
source/org/jfree/data/DefaultKeyedValues.java,,201
source/org/jfree/data/DefaultKeyedValues.java,,202
source/org/jfree/data/DefaultKeyedValues.java,,203
source/org/jfree/data/DefaultKeyedValues.java,addValue,204
source/org/jfree/data/DefaultKeyedValues.java,addValue,205
source/org/jfree/data/DefaultKeyedValues.java,addValue,206
source/org/jfree/data/DefaultKeyedValues.java,,207
source/org/jfree/data/DefaultKeyedValues.java,,208
source/org/jfree/data/DefaultKeyedValues.java,,209
source/org/jfree/data/DefaultKeyedValues.java,,210
source/org/jfree/data/DefaultKeyedValues.java,,211
source/org/jfree/data/DefaultKeyedValues.java,,212
source/org/jfree/data/DefaultKeyedValues.java,,213
source/org/jfree/data/DefaultKeyedValues.java,setValue,214
source/org/jfree/data/DefaultKeyedValues.java,setValue,215
source/org/jfree/data/DefaultKeyedValues.java,setValue,216
source/org/jfree/data/DefaultKeyedValues.java,,217
source/org/jfree/data/DefaultKeyedValues.java,,218
source/org/jfree/data/DefaultKeyedValues.java,,219
source/org/jfree/data/DefaultKeyedValues.java,,220
source/org/jfree/data/DefaultKeyedValues.java,,221
source/org/jfree/data/DefaultKeyedValues.java,,222
source/org/jfree/data/DefaultKeyedValues.java,,223
source/org/jfree/data/DefaultKeyedValues.java,setValue,224
source/org/jfree/data/DefaultKeyedValues.java,setValue,225
source/org/jfree/data/DefaultKeyedValues.java,setValue,226
source/org/jfree/data/DefaultKeyedValues.java,setValue,227
source/org/jfree/data/DefaultKeyedValues.java,setValue,228
source/org/jfree/data/DefaultKeyedValues.java,setValue,229
source/org/jfree/data/DefaultKeyedValues.java,setValue,230
source/org/jfree/data/DefaultKeyedValues.java,setValue,231
source/org/jfree/data/DefaultKeyedValues.java,setValue,232
source/org/jfree/data/DefaultKeyedValues.java,setValue,233
source/org/jfree/data/DefaultKeyedValues.java,setValue,234
source/org/jfree/data/DefaultKeyedValues.java,setValue,235
source/org/jfree/data/DefaultKeyedValues.java,setValue,236
source/org/jfree/data/DefaultKeyedValues.java,setValue,237
source/org/jfree/data/DefaultKeyedValues.java,setValue,238
source/org/jfree/data/DefaultKeyedValues.java,,239
source/org/jfree/data/DefaultKeyedValues.java,,240
source/org/jfree/data/DefaultKeyedValues.java,,241
source/org/jfree/data/DefaultKeyedValues.java,,242
source/org/jfree/data/DefaultKeyedValues.java,,243
source/org/jfree/data/DefaultKeyedValues.java,,244
source/org/jfree/data/DefaultKeyedValues.java,,245
source/org/jfree/data/DefaultKeyedValues.java,,246
source/org/jfree/data/DefaultKeyedValues.java,,247
source/org/jfree/data/DefaultKeyedValues.java,,248
source/org/jfree/data/DefaultKeyedValues.java,,249
source/org/jfree/data/DefaultKeyedValues.java,,250
source/org/jfree/data/DefaultKeyedValues.java,insertValue,251
source/org/jfree/data/DefaultKeyedValues.java,insertValue,252
source/org/jfree/data/DefaultKeyedValues.java,insertValue,253
source/org/jfree/data/DefaultKeyedValues.java,,254
source/org/jfree/data/DefaultKeyedValues.java,,255
source/org/jfree/data/DefaultKeyedValues.java,,256
source/org/jfree/data/DefaultKeyedValues.java,,257
source/org/jfree/data/DefaultKeyedValues.java,,258
source/org/jfree/data/DefaultKeyedValues.java,,259
source/org/jfree/data/DefaultKeyedValues.java,,260
source/org/jfree/data/DefaultKeyedValues.java,,261
source/org/jfree/data/DefaultKeyedValues.java,,262
source/org/jfree/data/DefaultKeyedValues.java,,263
source/org/jfree/data/DefaultKeyedValues.java,,264
source/org/jfree/data/DefaultKeyedValues.java,,265
source/org/jfree/data/DefaultKeyedValues.java,insertValue,266
source/org/jfree/data/DefaultKeyedValues.java,insertValue,267
source/org/jfree/data/DefaultKeyedValues.java,insertValue,268
source/org/jfree/data/DefaultKeyedValues.java,insertValue,269
source/org/jfree/data/DefaultKeyedValues.java,insertValue,270
source/org/jfree/data/DefaultKeyedValues.java,insertValue,271
source/org/jfree/data/DefaultKeyedValues.java,insertValue,272
source/org/jfree/data/DefaultKeyedValues.java,insertValue,273
source/org/jfree/data/DefaultKeyedValues.java,insertValue,274
source/org/jfree/data/DefaultKeyedValues.java,insertValue,275
source/org/jfree/data/DefaultKeyedValues.java,insertValue,276
source/org/jfree/data/DefaultKeyedValues.java,insertValue,277
source/org/jfree/data/DefaultKeyedValues.java,insertValue,278
source/org/jfree/data/DefaultKeyedValues.java,insertValue,279
source/org/jfree/data/DefaultKeyedValues.java,insertValue,280
source/org/jfree/data/DefaultKeyedValues.java,insertValue,281
source/org/jfree/data/DefaultKeyedValues.java,insertValue,282
source/org/jfree/data/DefaultKeyedValues.java,insertValue,283
source/org/jfree/data/DefaultKeyedValues.java,insertValue,284
source/org/jfree/data/DefaultKeyedValues.java,insertValue,285
source/org/jfree/data/DefaultKeyedValues.java,insertValue,286
source/org/jfree/data/DefaultKeyedValues.java,insertValue,287
source/org/jfree/data/DefaultKeyedValues.java,insertValue,288
source/org/jfree/data/DefaultKeyedValues.java,,289
source/org/jfree/data/DefaultKeyedValues.java,,290
source/org/jfree/data/DefaultKeyedValues.java,,291
source/org/jfree/data/DefaultKeyedValues.java,,292
source/org/jfree/data/DefaultKeyedValues.java,,293
source/org/jfree/data/DefaultKeyedValues.java,rebuildIndex,294
source/org/jfree/data/DefaultKeyedValues.java,rebuildIndex,295
source/org/jfree/data/DefaultKeyedValues.java,rebuildIndex,296
source/org/jfree/data/DefaultKeyedValues.java,rebuildIndex,297
source/org/jfree/data/DefaultKeyedValues.java,rebuildIndex,298
source/org/jfree/data/DefaultKeyedValues.java,rebuildIndex,299
source/org/jfree/data/DefaultKeyedValues.java,rebuildIndex,300
source/org/jfree/data/DefaultKeyedValues.java,,301
source/org/jfree/data/DefaultKeyedValues.java,,302
source/org/jfree/data/DefaultKeyedValues.java,,303
source/org/jfree/data/DefaultKeyedValues.java,,304
source/org/jfree/data/DefaultKeyedValues.java,,305
source/org/jfree/data/DefaultKeyedValues.java,,306
source/org/jfree/data/DefaultKeyedValues.java,,307
source/org/jfree/data/DefaultKeyedValues.java,,308
source/org/jfree/data/DefaultKeyedValues.java,,309
source/org/jfree/data/DefaultKeyedValues.java,,310
source/org/jfree/data/DefaultKeyedValues.java,removeValue,311
source/org/jfree/data/DefaultKeyedValues.java,removeValue,312
source/org/jfree/data/DefaultKeyedValues.java,removeValue,313
source/org/jfree/data/DefaultKeyedValues.java,removeValue,314
source/org/jfree/data/DefaultKeyedValues.java,removeValue,315
source/org/jfree/data/DefaultKeyedValues.java,removeValue,316
source/org/jfree/data/DefaultKeyedValues.java,removeValue,317
source/org/jfree/data/DefaultKeyedValues.java,removeValue,318
source/org/jfree/data/DefaultKeyedValues.java,removeValue,319
source/org/jfree/data/DefaultKeyedValues.java,,320
source/org/jfree/data/DefaultKeyedValues.java,,321
source/org/jfree/data/DefaultKeyedValues.java,,322
source/org/jfree/data/DefaultKeyedValues.java,,323
source/org/jfree/data/DefaultKeyedValues.java,,324
source/org/jfree/data/DefaultKeyedValues.java,,325
source/org/jfree/data/DefaultKeyedValues.java,,326
source/org/jfree/data/DefaultKeyedValues.java,,327
source/org/jfree/data/DefaultKeyedValues.java,,328
source/org/jfree/data/DefaultKeyedValues.java,,329
source/org/jfree/data/DefaultKeyedValues.java,removeValue,330
source/org/jfree/data/DefaultKeyedValues.java,removeValue,331
source/org/jfree/data/DefaultKeyedValues.java,removeValue,332
source/org/jfree/data/DefaultKeyedValues.java,removeValue,333
source/org/jfree/data/DefaultKeyedValues.java,removeValue,334
source/org/jfree/data/DefaultKeyedValues.java,removeValue,335
source/org/jfree/data/DefaultKeyedValues.java,,336
source/org/jfree/data/DefaultKeyedValues.java,,337
source/org/jfree/data/DefaultKeyedValues.java,,338
source/org/jfree/data/DefaultKeyedValues.java,,339
source/org/jfree/data/DefaultKeyedValues.java,,340
source/org/jfree/data/DefaultKeyedValues.java,,341
source/org/jfree/data/DefaultKeyedValues.java,clear,342
source/org/jfree/data/DefaultKeyedValues.java,clear,343
source/org/jfree/data/DefaultKeyedValues.java,clear,344
source/org/jfree/data/DefaultKeyedValues.java,clear,345
source/org/jfree/data/DefaultKeyedValues.java,clear,346
source/org/jfree/data/DefaultKeyedValues.java,,347
source/org/jfree/data/DefaultKeyedValues.java,,348
source/org/jfree/data/DefaultKeyedValues.java,,349
source/org/jfree/data/DefaultKeyedValues.java,,350
source/org/jfree/data/DefaultKeyedValues.java,,351
source/org/jfree/data/DefaultKeyedValues.java,,352
source/org/jfree/data/DefaultKeyedValues.java,sortByKeys,353
source/org/jfree/data/DefaultKeyedValues.java,sortByKeys,354
source/org/jfree/data/DefaultKeyedValues.java,sortByKeys,355
source/org/jfree/data/DefaultKeyedValues.java,sortByKeys,356
source/org/jfree/data/DefaultKeyedValues.java,sortByKeys,357
source/org/jfree/data/DefaultKeyedValues.java,sortByKeys,358
source/org/jfree/data/DefaultKeyedValues.java,sortByKeys,359
source/org/jfree/data/DefaultKeyedValues.java,sortByKeys,360
source/org/jfree/data/DefaultKeyedValues.java,sortByKeys,361
source/org/jfree/data/DefaultKeyedValues.java,sortByKeys,362
source/org/jfree/data/DefaultKeyedValues.java,sortByKeys,363
source/org/jfree/data/DefaultKeyedValues.java,sortByKeys,364
source/org/jfree/data/DefaultKeyedValues.java,sortByKeys,365
source/org/jfree/data/DefaultKeyedValues.java,sortByKeys,366
source/org/jfree/data/DefaultKeyedValues.java,sortByKeys,367
source/org/jfree/data/DefaultKeyedValues.java,sortByKeys,368
source/org/jfree/data/DefaultKeyedValues.java,sortByKeys,369
source/org/jfree/data/DefaultKeyedValues.java,sortByKeys,370
source/org/jfree/data/DefaultKeyedValues.java,,371
source/org/jfree/data/DefaultKeyedValues.java,,372
source/org/jfree/data/DefaultKeyedValues.java,,373
source/org/jfree/data/DefaultKeyedValues.java,,374
source/org/jfree/data/DefaultKeyedValues.java,,375
source/org/jfree/data/DefaultKeyedValues.java,,376
source/org/jfree/data/DefaultKeyedValues.java,,377
source/org/jfree/data/DefaultKeyedValues.java,,378
source/org/jfree/data/DefaultKeyedValues.java,sortByValues,379
source/org/jfree/data/DefaultKeyedValues.java,sortByValues,380
source/org/jfree/data/DefaultKeyedValues.java,sortByValues,381
source/org/jfree/data/DefaultKeyedValues.java,sortByValues,382
source/org/jfree/data/DefaultKeyedValues.java,sortByValues,383
source/org/jfree/data/DefaultKeyedValues.java,sortByValues,384
source/org/jfree/data/DefaultKeyedValues.java,sortByValues,385
source/org/jfree/data/DefaultKeyedValues.java,sortByValues,386
source/org/jfree/data/DefaultKeyedValues.java,sortByValues,387
source/org/jfree/data/DefaultKeyedValues.java,sortByValues,388
source/org/jfree/data/DefaultKeyedValues.java,sortByValues,389
source/org/jfree/data/DefaultKeyedValues.java,sortByValues,390
source/org/jfree/data/DefaultKeyedValues.java,sortByValues,391
source/org/jfree/data/DefaultKeyedValues.java,sortByValues,392
source/org/jfree/data/DefaultKeyedValues.java,sortByValues,393
source/org/jfree/data/DefaultKeyedValues.java,sortByValues,394
source/org/jfree/data/DefaultKeyedValues.java,sortByValues,395
source/org/jfree/data/DefaultKeyedValues.java,,396
source/org/jfree/data/DefaultKeyedValues.java,,397
source/org/jfree/data/DefaultKeyedValues.java,,398
source/org/jfree/data/DefaultKeyedValues.java,,399
source/org/jfree/data/DefaultKeyedValues.java,,400
source/org/jfree/data/DefaultKeyedValues.java,,401
source/org/jfree/data/DefaultKeyedValues.java,,402
source/org/jfree/data/DefaultKeyedValues.java,,403
source/org/jfree/data/DefaultKeyedValues.java,equals,404
source/org/jfree/data/DefaultKeyedValues.java,equals,405
source/org/jfree/data/DefaultKeyedValues.java,equals,406
source/org/jfree/data/DefaultKeyedValues.java,equals,407
source/org/jfree/data/DefaultKeyedValues.java,equals,408
source/org/jfree/data/DefaultKeyedValues.java,equals,409
source/org/jfree/data/DefaultKeyedValues.java,equals,410
source/org/jfree/data/DefaultKeyedValues.java,equals,411
source/org/jfree/data/DefaultKeyedValues.java,equals,412
source/org/jfree/data/DefaultKeyedValues.java,equals,413
source/org/jfree/data/DefaultKeyedValues.java,equals,414
source/org/jfree/data/DefaultKeyedValues.java,equals,415
source/org/jfree/data/DefaultKeyedValues.java,equals,416
source/org/jfree/data/DefaultKeyedValues.java,equals,417
source/org/jfree/data/DefaultKeyedValues.java,equals,418
source/org/jfree/data/DefaultKeyedValues.java,equals,419
source/org/jfree/data/DefaultKeyedValues.java,equals,420
source/org/jfree/data/DefaultKeyedValues.java,equals,421
source/org/jfree/data/DefaultKeyedValues.java,equals,422
source/org/jfree/data/DefaultKeyedValues.java,equals,423
source/org/jfree/data/DefaultKeyedValues.java,equals,424
source/org/jfree/data/DefaultKeyedValues.java,equals,425
source/org/jfree/data/DefaultKeyedValues.java,equals,426
source/org/jfree/data/DefaultKeyedValues.java,equals,427
source/org/jfree/data/DefaultKeyedValues.java,equals,428
source/org/jfree/data/DefaultKeyedValues.java,equals,429
source/org/jfree/data/DefaultKeyedValues.java,equals,430
source/org/jfree/data/DefaultKeyedValues.java,equals,431
source/org/jfree/data/DefaultKeyedValues.java,equals,432
source/org/jfree/data/DefaultKeyedValues.java,equals,433
source/org/jfree/data/DefaultKeyedValues.java,equals,434
source/org/jfree/data/DefaultKeyedValues.java,equals,435
source/org/jfree/data/DefaultKeyedValues.java,equals,436
source/org/jfree/data/DefaultKeyedValues.java,equals,437
source/org/jfree/data/DefaultKeyedValues.java,equals,438
source/org/jfree/data/DefaultKeyedValues.java,equals,439
source/org/jfree/data/DefaultKeyedValues.java,,440
source/org/jfree/data/DefaultKeyedValues.java,,441
source/org/jfree/data/DefaultKeyedValues.java,,442
source/org/jfree/data/DefaultKeyedValues.java,,443
source/org/jfree/data/DefaultKeyedValues.java,,444
source/org/jfree/data/DefaultKeyedValues.java,,445
source/org/jfree/data/DefaultKeyedValues.java,hashCode,446
source/org/jfree/data/DefaultKeyedValues.java,hashCode,447
source/org/jfree/data/DefaultKeyedValues.java,hashCode,448
source/org/jfree/data/DefaultKeyedValues.java,,449
source/org/jfree/data/DefaultKeyedValues.java,,450
source/org/jfree/data/DefaultKeyedValues.java,,451
source/org/jfree/data/DefaultKeyedValues.java,,452
source/org/jfree/data/DefaultKeyedValues.java,,453
source/org/jfree/data/DefaultKeyedValues.java,,454
source/org/jfree/data/DefaultKeyedValues.java,,455
source/org/jfree/data/DefaultKeyedValues.java,,456
source/org/jfree/data/DefaultKeyedValues.java,,457
source/org/jfree/data/DefaultKeyedValues.java,clone,458
source/org/jfree/data/DefaultKeyedValues.java,clone,459
source/org/jfree/data/DefaultKeyedValues.java,clone,460
source/org/jfree/data/DefaultKeyedValues.java,clone,461
source/org/jfree/data/DefaultKeyedValues.java,clone,462
source/org/jfree/data/DefaultKeyedValues.java,clone,463
source/org/jfree/data/DefaultKeyedValues.java,clone,464
source/org/jfree/data/DefaultKeyedValues.java,,465
source/org/jfree/data/DefaultKeyedValues.java,,466
